date,day,hour,speed
2025-08-01,4,0,93
2025-08-01,4,1,91
2025-08-01,4,2,90
2025-08-01,4,3,91
2025-08-01,4,4,92
2025-08-01,4,5,97
2025-08-01,4,6,97
2025-08-01,4,7,94
2025-08-01,4,8,91
2025-08-01,4,9,85
2025-08-01,4,10,86
2025-08-01,4,11,87
2025-08-01,4,12,90
2025-08-01,4,13,87
2025-08-01,4,14,84
2025-08-01,4,15,91
2025-08-01,4,16,95
2025-08-01,4,17,96
2025-08-01,4,18,96
2025-08-01,4,19,95
2025-08-01,4,20,90
2025-08-01,4,21,95
2025-08-01,4,22,92
2025-08-01,4,23,96
2025-08-02,5,0,94
2025-08-02,5,1,92
2025-08-02,5,2,90
2025-08-02,5,3,91
2025-08-02,5,4,94
2025-08-02,5,5,98
2025-08-02,5,6,97
2025-08-02,5,7,91
2025-08-02,5,8,92
2025-08-02,5,9,90
2025-08-02,5,10,93
2025-08-02,5,11,88
2025-08-02,5,12,94
2025-08-02,5,13,95
2025-08-02,5,14,91
2025-08-02,5,15,90
2025-08-02,5,16,92
2025-08-02,5,17,96
2025-08-02,5,18,98
2025-08-02,5,19,98
2025-08-02,5,20,93
2025-08-02,5,21,97
2025-08-02,5,22,98
2025-08-02,5,23,99
2025-08-03,6,0,95
2025-08-03,6,1,93
2025-08-03,6,2,90
2025-08-03,6,3,92
2025-08-03,6,4,93
2025-08-03,6,5,101
2025-08-03,6,6,105
2025-08-03,6,7,101
2025-08-03,6,8,100
2025-08-03,6,9,96
2025-08-03,6,10,97
2025-08-03,6,11,95
2025-08-03,6,12,96
2025-08-03,6,13,94
2025-08-03,6,14,91
2025-08-03,6,15,88
2025-08-03,6,16,89
2025-08-03,6,17,87
2025-08-03,6,18,77
2025-08-03,6,19,75
2025-08-03,6,20,82
2025-08-03,6,21,82
2025-08-03,6,22,84
2025-08-03,6,23,70
2025-08-04,0,0,67
2025-08-04,0,1,67
2025-08-04,0,2,70
2025-08-04,0,3,80
2025-08-04,0,4,84
2025-08-04,0,5,93
2025-08-04,0,6,95
2025-08-04,0,7,94
2025-08-04,0,8,91
2025-08-04,0,9,89
2025-08-04,0,10,87
2025-08-04,0,11,90
2025-08-04,0,12,90
2025-08-04,0,13,93
2025-08-04,0,14,94
2025-08-04,0,15,94
2025-08-04,0,16,94
2025-08-04,0,17,96
2025-08-04,0,18,99
2025-08-04,0,19,97
2025-08-04,0,20,94
2025-08-04,0,21,85
2025-08-04,0,22,75
2025-08-04,0,23,78
2025-08-05,1,0,78
2025-08-05,1,1,76
2025-08-05,1,2,77
2025-08-05,1,3,77
2025-08-05,1,4,80
2025-08-05,1,5,97
2025-08-05,1,6,98
2025-08-05,1,7,96
2025-08-05,1,8,93
2025-08-05,1,9,90
2025-08-05,1,10,88
2025-08-05,1,11,91
2025-08-05,1,12,93
2025-08-05,1,13,93
2025-08-05,1,14,91
2025-08-05,1,15,92
2025-08-05,1,16,93
2025-08-05,1,17,95
2025-08-05,1,18,98
2025-08-05,1,19,97
2025-08-05,1,20,94
2025-08-05,1,21,88
2025-08-05,1,22,86
2025-08-05,1,23,87
2025-08-06,2,0,79
2025-08-06,2,1,82
2025-08-06,2,2,77
2025-08-06,2,3,81
2025-08-06,2,4,86
2025-08-06,2,5,95
2025-08-06,2,6,99
2025-08-06,2,7,95
2025-08-06,2,8,94
2025-08-06,2,9,92
2025-08-06,2,10,90
2025-08-06,2,11,94
2025-08-06,2,12,93
2025-08-06,2,13,94
2025-08-06,2,14,89
2025-08-06,2,15,87
2025-08-06,2,16,87
2025-08-06,2,17,88
2025-08-06,2,18,96
2025-08-06,2,19,95
2025-08-06,2,20,85
2025-08-06,2,21,94
2025-08-06,2,22,96
2025-08-06,2,23,96
2025-08-07,3,0,92
2025-08-07,3,1,91
2025-08-07,3,2,89
2025-08-07,3,3,89
2025-08-07,3,4,92
2025-08-07,3,5,94
2025-08-07,3,6,96
2025-08-07,3,7,95
2025-08-07,3,8,94
2025-08-07,3,9,91
2025-08-07,3,10,90
2025-08-07,3,11,89
2025-08-07,3,12,85
2025-08-07,3,13,83
2025-08-07,3,14,84
2025-08-07,3,15,84
2025-08-07,3,16,88
2025-08-07,3,17,93
2025-08-07,3,18,99
2025-08-07,3,19,97
2025-08-07,3,20,94
2025-08-07,3,21,96
2025-08-07,3,22,96
2025-08-07,3,23,96
2025-08-08,4,0,93
2025-08-08,4,1,90
2025-08-08,4,2,89
2025-08-08,4,3,90
2025-08-08,4,4,92
2025-08-08,4,5,97
2025-08-08,4,6,97
2025-08-08,4,7,94
2025-08-08,4,8,93
2025-08-08,4,9,91
2025-08-08,4,10,91
2025-08-08,4,11,91
2025-08-08,4,12,90
2025-08-08,4,13,91
2025-08-08,4,14,92
2025-08-08,4,15,92
2025-08-08,4,16,90
2025-08-08,4,17,95
2025-08-08,4,18,95
2025-08-08,4,19,93
2025-08-08,4,20,92
2025-08-08,4,21,94
2025-08-08,4,22,96
2025-08-08,4,23,96
2025-08-09,5,0,94
2025-08-09,5,1,92
2025-08-09,5,2,89
2025-08-09,5,3,91
2025-08-09,5,4,91
2025-08-09,5,5,97
2025-08-09,5,6,98
2025-08-09,5,7,92
2025-08-09,5,8,89
2025-08-09,5,9,85
2025-08-09,5,10,86
2025-08-09,5,11,95
2025-08-09,5,12,93
2025-08-09,5,13,92
2025-08-09,5,14,89
2025-08-09,5,15,88
2025-08-09,5,16,92
2025-08-09,5,17,96
2025-08-09,5,18,98
2025-08-09,5,19,96
2025-08-09,5,20,94
2025-08-09,5,21,97
2025-08-09,5,22,98
2025-08-09,5,23,98
2025-08-10,6,0,95
2025-08-10,6,1,94
2025-08-10,6,2,93
2025-08-10,6,3,89
2025-08-10,6,4,94
2025-08-10,6,5,101
2025-08-10,6,6,106
2025-08-10,6,7,103
2025-08-10,6,8,101
2025-08-10,6,9,99
2025-08-10,6,10,97
2025-08-10,6,11,97
2025-08-10,6,12,98
2025-08-10,6,13,97
2025-08-10,6,14,95
2025-08-10,6,15,92
2025-08-10,6,16,92
2025-08-10,6,17,94
2025-08-10,6,18,97
2025-08-10,6,19,94
2025-08-10,6,20,91
2025-08-10,6,21,95
2025-08-10,6,22,97
2025-08-10,6,23,98
2025-08-11,0,0,94
2025-08-11,0,1,92
2025-08-11,0,2,90
2025-08-11,0,3,91
2025-08-11,0,4,95
2025-08-11,0,5,95
2025-08-11,0,6,94
2025-08-11,0,7,95
2025-08-11,0,8,93
2025-08-11,0,9,88
2025-08-11,0,10,79
2025-08-11,0,11,82
2025-08-11,0,12,85
2025-08-11,0,13,87
2025-08-11,0,14,88
2025-08-11,0,15,86
2025-08-11,0,16,90
2025-08-11,0,17,91
2025-08-11,0,18,97
2025-08-11,0,19,97
2025-08-11,0,20,93
2025-08-11,0,21,95
2025-08-11,0,22,95
2025-08-11,0,23,95
2025-08-12,1,0,90
2025-08-12,1,1,88
2025-08-12,1,2,87
2025-08-12,1,3,88
2025-08-12,1,4,92
2025-08-12,1,5,95
2025-08-12,1,6,96
2025-08-12,1,7,94
2025-08-12,1,8,91
2025-08-12,1,9,90
2025-08-12,1,10,89
2025-08-12,1,11,88
2025-08-12,1,12,93
2025-08-12,1,13,90
2025-08-12,1,14,88
2025-08-12,1,15,90
2025-08-12,1,16,92
2025-08-12,1,17,94
2025-08-12,1,18,96
2025-08-12,1,19,95
2025-08-12,1,20,92
2025-08-12,1,21,94
2025-08-12,1,22,95
2025-08-12,1,23,95
2025-08-13,2,0,86
2025-08-13,2,1,62
2025-08-13,2,2,59
2025-08-13,2,3,64
2025-08-13,2,4,76
2025-08-13,2,5,84
2025-08-13,2,6,94
2025-08-13,2,7,94
2025-08-13,2,8,90
2025-08-13,2,9,86
2025-08-13,2,10,89
2025-08-13,2,11,91
2025-08-13,2,12,94
2025-08-13,2,13,93
2025-08-13,2,14,95
2025-08-13,2,15,95
2025-08-13,2,16,95
2025-08-13,2,17,98
2025-08-13,2,18,100
2025-08-13,2,19,89
2025-08-13,2,20,72
2025-08-13,2,21,80
2025-08-13,2,22,78
2025-08-13,2,23,85
2025-08-14,3,0,76
2025-08-14,3,1,63
2025-08-14,3,2,61
2025-08-14,3,3,70
2025-08-14,3,4,79
2025-08-14,3,5,85
2025-08-14,3,6,94
2025-08-14,3,7,92
2025-08-14,3,8,93
2025-08-14,3,9,86
2025-08-14,3,10,84
2025-08-14,3,11,85
2025-08-14,3,12,88
2025-08-14,3,13,88
2025-08-14,3,14,89
2025-08-14,3,15,82
2025-08-14,3,16,83
2025-08-14,3,17,84
2025-08-14,3,18,93
2025-08-14,3,19,91
2025-08-14,3,20,90
2025-08-14,3,21,86
2025-08-14,3,22,96
2025-08-14,3,23,98
2025-08-15,4,0,99
2025-08-15,4,1,96
2025-08-15,4,2,95
2025-08-15,4,3,96
2025-08-15,4,4,97
2025-08-15,4,5,96
2025-08-15,4,6,89
2025-08-15,4,7,85
2025-08-15,4,8,72
2025-08-15,4,9,74
2025-08-15,4,10,79
2025-08-15,4,11,84
2025-08-15,4,12,80
2025-08-15,4,13,70
2025-08-15,4,14,87
2025-08-15,4,15,89
2025-08-15,4,16,91
2025-08-15,4,17,99
2025-08-15,4,18,99
2025-08-15,4,19,97
2025-08-15,4,20,95
2025-08-15,4,21,99
2025-08-15,4,22,100
2025-08-15,4,23,101
2025-08-16,5,0,99
2025-08-16,5,1,95
2025-08-16,5,2,95
2025-08-16,5,3,93
2025-08-16,5,4,96
2025-08-16,5,5,99
2025-08-16,5,6,102
2025-08-16,5,7,98
2025-08-16,5,8,96
2025-08-16,5,9,94
2025-08-16,5,10,91
2025-08-16,5,11,92
2025-08-16,5,12,98
2025-08-16,5,13,96
2025-08-16,5,14,96
2025-08-16,5,15,97
2025-08-16,5,16,96
2025-08-16,5,17,99
2025-08-16,5,18,101
2025-08-16,5,19,98
2025-08-16,5,20,96
2025-08-16,5,21,100
2025-08-16,5,22,101
2025-08-16,5,23,101
2025-08-17,6,0,99
2025-08-17,6,1,97
2025-08-17,6,2,98
2025-08-17,6,3,97
2025-08-17,6,4,94
2025-08-17,6,5,101
2025-08-17,6,6,106
2025-08-17,6,7,104
2025-08-17,6,8,102
2025-08-17,6,9,100
2025-08-17,6,10,99
2025-08-17,6,11,98
2025-08-17,6,12,97
2025-08-17,6,13,98
2025-08-17,6,14,96
2025-08-17,6,15,95
2025-08-17,6,16,95
2025-08-17,6,17,98
2025-08-17,6,18,99
2025-08-17,6,19,92
2025-08-17,6,20,92
2025-08-17,6,21,98
2025-08-17,6,22,100
2025-08-17,6,23,99
2025-08-18,0,0,99
2025-08-18,0,1,96
2025-08-18,0,2,93
2025-08-18,0,3,94
2025-08-18,0,4,99
2025-08-18,0,5,96
2025-08-18,0,6,98
2025-08-18,0,7,100
2025-08-18,0,8,96
2025-08-18,0,9,95
2025-08-18,0,10,93
2025-08-18,0,11,92
2025-08-18,0,12,94
2025-08-18,0,13,94
2025-08-18,0,14,94
2025-08-18,0,15,93
2025-08-18,0,16,93
2025-08-18,0,17,98
2025-08-18,0,18,98
2025-08-18,0,19,96
2025-08-18,0,20,96
2025-08-18,0,21,97
2025-08-18,0,22,97
2025-08-18,0,23,97
2025-08-19,1,0,94
2025-08-19,1,1,91
2025-08-19,1,2,90
2025-08-19,1,3,91
2025-08-19,1,4,95
2025-08-19,1,5,96
2025-08-19,1,6,99
2025-08-19,1,7,98
2025-08-19,1,8,96
2025-08-19,1,9,93
2025-08-19,1,10,92
2025-08-19,1,11,93
2025-08-19,1,12,93
2025-08-19,1,13,92
2025-08-19,1,14,95
2025-08-19,1,15,94
2025-08-19,1,16,92
2025-08-19,1,17,95
2025-08-19,1,18,99
2025-08-19,1,19,97
2025-08-19,1,20,97
2025-08-19,1,21,99
2025-08-19,1,22,99
2025-08-19,1,23,97
2025-08-20,2,0,95
2025-08-20,2,1,92
2025-08-20,2,2,91
2025-08-20,2,3,90
2025-08-20,2,4,94
2025-08-20,2,5,96
2025-08-20,2,6,98
2025-08-20,2,7,97
2025-08-20,2,8,95
2025-08-20,2,9,92
2025-08-20,2,10,90
2025-08-20,2,11,92
2025-08-20,2,12,94
2025-08-20,2,13,94
2025-08-20,2,14,95
2025-08-20,2,15,93
2025-08-20,2,16,93
2025-08-20,2,17,97
2025-08-20,2,18,99
2025-08-20,2,19,97
2025-08-20,2,20,97
2025-08-20,2,21,97
2025-08-20,2,22,98
2025-08-20,2,23,97
2025-08-21,3,0,94
2025-08-21,3,1,92
2025-08-21,3,2,89
2025-08-21,3,3,92
2025-08-21,3,4,94
2025-08-21,3,5,97
2025-08-21,3,6,100
2025-08-21,3,7,97
2025-08-21,3,8,96
2025-08-21,3,9,91
2025-08-21,3,10,93
2025-08-21,3,11,92
2025-08-21,3,12,92
2025-08-21,3,13,93
2025-08-21,3,14,95
2025-08-21,3,15,94
2025-08-21,3,16,94
2025-08-21,3,17,97
2025-08-21,3,18,100
2025-08-21,3,19,97
2025-08-21,3,20,96
2025-08-21,3,21,97
2025-08-21,3,22,98
2025-08-21,3,23,98
2025-08-22,4,0,96
2025-08-22,4,1,93
2025-08-22,4,2,90
2025-08-22,4,3,91
2025-08-22,4,4,92
2025-08-22,4,5,96
2025-08-22,4,6,100
2025-08-22,4,7,97
2025-08-22,4,8,94
2025-08-22,4,9,88
2025-08-22,4,10,90
2025-08-22,4,11,91
2025-08-22,4,12,89
2025-08-22,4,13,92
2025-08-22,4,14,94
2025-08-22,4,15,90
2025-08-22,4,16,89
2025-08-22,4,17,94
2025-08-22,4,18,97
2025-08-22,4,19,96
2025-08-22,4,20,95
2025-08-22,4,21,96
2025-08-22,4,22,98
2025-08-22,4,23,99
2025-08-23,5,0,98
2025-08-23,5,1,96
2025-08-23,5,2,93
2025-08-23,5,3,94
2025-08-23,5,4,96
2025-08-23,5,5,100
2025-08-23,5,6,102
2025-08-23,5,7,93
2025-08-23,5,8,91
2025-08-23,5,9,88
2025-08-23,5,10,93
2025-08-23,5,11,93
2025-08-23,5,12,93
2025-08-23,5,13,97
2025-08-23,5,14,95
2025-08-23,5,15,97
2025-08-23,5,16,97
2025-08-23,5,17,98
2025-08-23,5,18,101
2025-08-23,5,19,95
2025-08-23,5,20,95
2025-08-23,5,21,99
2025-08-23,5,22,101
2025-08-23,5,23,101
2025-08-24,6,0,100
2025-08-24,6,1,97
2025-08-24,6,2,95
2025-08-24,6,3,93
2025-08-24,6,4,99
2025-08-24,6,5,101
2025-08-24,6,6,106
2025-08-24,6,7,105
2025-08-24,6,8,104
2025-08-24,6,9,100
2025-08-24,6,10,99
2025-08-24,6,11,100
2025-08-24,6,12,100
2025-08-24,6,13,100
2025-08-24,6,14,97
2025-08-24,6,15,94
2025-08-24,6,16,98
2025-08-24,6,17,99
2025-08-24,6,18,99
2025-08-24,6,19,95
2025-08-24,6,20,92
2025-08-24,6,21,98
2025-08-24,6,22,100
2025-08-24,6,23,100
2025-08-25,0,0,97
2025-08-25,0,1,92
2025-08-25,0,2,93
2025-08-25,0,3,95
2025-08-25,0,4,99
2025-08-25,0,5,97
2025-08-25,0,6,102
2025-08-25,0,7,101
2025-08-25,0,8,99
2025-08-25,0,9,97
2025-08-25,0,10,92
2025-08-25,0,11,95
2025-08-25,0,12,96
2025-08-25,0,13,98
2025-08-25,0,14,97
2025-08-25,0,15,95
2025-08-25,0,16,83
2025-08-25,0,17,97
2025-08-25,0,18,103
2025-08-25,0,19,96
2025-08-25,0,20,95
2025-08-25,0,21,97
2025-08-25,0,22,97
2025-08-25,0,23,96
2025-08-26,1,0,74
2025-08-26,1,1,60
2025-08-26,1,2,66
2025-08-26,1,3,64
2025-08-26,1,4,67
2025-08-26,1,5,78
2025-08-26,1,6,86
2025-08-26,1,7,92
2025-08-26,1,8,90
2025-08-26,1,9,88
2025-08-26,1,10,88
2025-08-26,1,11,89
2025-08-26,1,12,91
2025-08-26,1,13,94
2025-08-26,1,14,95
2025-08-26,1,15,94
2025-08-26,1,16,95
2025-08-26,1,17,96
2025-08-26,1,18,99
2025-08-26,1,19,97
2025-08-26,1,20,95
2025-08-26,1,21,97
2025-08-26,1,22,96
2025-08-26,1,23,95
2025-08-27,2,0,88
2025-08-27,2,1,86
2025-08-27,2,2,76
2025-08-27,2,3,79
2025-08-27,2,4,81
2025-08-27,2,5,94
2025-08-27,2,6,97
2025-08-27,2,7,96
2025-08-27,2,8,96
2025-08-27,2,9,94
2025-08-27,2,10,91
2025-08-27,2,11,91
2025-08-27,2,12,93
2025-08-27,2,13,93
2025-08-27,2,14,95
2025-08-27,2,15,94
2025-08-27,2,16,94
2025-08-27,2,17,97
2025-08-27,2,18,100
2025-08-27,2,19,95
2025-08-27,2,20,94
2025-08-27,2,21,95
2025-08-27,2,22,95
2025-08-27,2,23,93
2025-08-28,3,0,86
2025-08-28,3,1,80
2025-08-28,3,2,77
2025-08-28,3,3,77
2025-08-28,3,4,85
2025-08-28,3,5,95
2025-08-28,3,6,99
2025-08-28,3,7,98
2025-08-28,3,8,97
2025-08-28,3,9,92
2025-08-28,3,10,88
2025-08-28,3,11,91
2025-08-28,3,12,94
2025-08-28,3,13,93
2025-08-28,3,14,94
2025-08-28,3,15,95
2025-08-28,3,16,95
2025-08-28,3,17,98
2025-08-28,3,18,98
2025-08-28,3,19,95
2025-08-28,3,20,94
2025-08-28,3,21,95
2025-08-28,3,22,96
2025-08-28,3,23,94
2025-08-29,4,0,89
2025-08-29,4,1,86
2025-08-29,4,2,82
2025-08-29,4,3,82
2025-08-29,4,4,86
2025-08-29,4,5,95
2025-08-29,4,6,100
2025-08-29,4,7,98
2025-08-29,4,8,95
2025-08-29,4,9,92
2025-08-29,4,10,83
2025-08-29,4,11,90
2025-08-29,4,12,94
2025-08-29,4,13,92
2025-08-29,4,14,91
2025-08-29,4,15,91
2025-08-29,4,16,91
2025-08-29,4,17,94
2025-08-29,4,18,97
2025-08-29,4,19,93
2025-08-29,4,20,95
2025-08-29,4,21,96
2025-08-29,4,22,96
2025-08-29,4,23,97
2025-08-30,5,0,95
2025-08-30,5,1,88
2025-08-30,5,2,86
2025-08-30,5,3,88
2025-08-30,5,4,84
2025-08-30,5,5,95
2025-08-30,5,6,102
2025-08-30,5,7,94
2025-08-30,5,8,92
2025-08-30,5,9,91
2025-08-30,5,10,90
2025-08-30,5,11,92
2025-08-30,5,12,93
2025-08-30,5,13,93
2025-08-30,5,14,90
2025-08-30,5,15,94
2025-08-30,5,16,94
2025-08-30,5,17,100
2025-08-30,5,18,99
2025-08-30,5,19,95
2025-08-30,5,20,93
2025-08-30,5,21,98
2025-08-30,5,22,98
2025-08-30,5,23,98
2025-08-31,6,0,91
2025-08-31,6,1,85
2025-08-31,6,2,77
2025-08-31,6,3,67
2025-08-31,6,4,75
2025-08-31,6,5,87
2025-08-31,6,6,107
2025-08-31,6,7,105
2025-08-31,6,8,103
2025-08-31,6,9,100
2025-08-31,6,10,96
2025-08-31,6,11,95
2025-08-31,6,12,96
2025-08-31,6,13,96
2025-08-31,6,14,91
2025-08-31,6,15,90
2025-08-31,6,16,94
2025-08-31,6,17,96
2025-08-31,6,18,97
2025-08-31,6,19,91
2025-08-31,6,20,91
2025-08-31,6,21,97
2025-08-31,6,22,99
2025-08-31,6,23,99
2025-09-01,0,0,93
2025-09-01,0,1,87
2025-09-01,0,2,80
2025-09-01,0,3,74
2025-09-01,0,4,89
2025-09-01,0,5,96
2025-09-01,0,6,100
2025-09-01,0,7,98
2025-09-01,0,8,101
2025-09-01,0,9,95
2025-09-01,0,10,87
2025-09-01,0,11,93
2025-09-01,0,12,95
2025-09-01,0,13,96
2025-09-01,0,14,94
2025-09-01,0,15,87
2025-09-01,0,16,92
2025-09-01,0,17,98
2025-09-01,0,18,100
2025-09-01,0,19,95
2025-09-01,0,20,81
2025-09-01,0,21,82
2025-09-01,0,22,85
2025-09-01,0,23,80
2025-09-02,1,0,70
2025-09-02,1,1,67
2025-09-02,1,2,65
2025-09-02,1,3,67
2025-09-02,1,4,78
2025-09-02,1,5,89
2025-09-02,1,6,100
2025-09-02,1,7,97
2025-09-02,1,8,99
2025-09-02,1,9,94
2025-09-02,1,10,90
2025-09-02,1,11,95
2025-09-02,1,12,96
2025-09-02,1,13,102
2025-09-02,1,14,96
2025-09-02,1,15,93
2025-09-02,1,16,96
2025-09-02,1,17,98
2025-09-02,1,18,99
2025-09-02,1,19,95
2025-09-02,1,20,94
2025-09-02,1,21,96
2025-09-02,1,22,96
2025-09-02,1,23,94
2025-09-03,2,0,90
2025-09-03,2,1,85
2025-09-03,2,2,74
2025-09-03,2,3,74
2025-09-03,2,4,77
2025-09-03,2,5,91
2025-09-03,2,6,99
2025-09-03,2,7,98
2025-09-03,2,8,99
2025-09-03,2,9,92
2025-09-03,2,10,91
2025-09-03,2,11,92
2025-09-03,2,12,92
2025-09-03,2,13,95
2025-09-03,2,14,96
2025-09-03,2,15,93
2025-09-03,2,16,94
2025-09-03,2,17,96
2025-09-03,2,18,98
2025-09-03,2,19,94
2025-09-03,2,20,93
2025-09-03,2,21,93
2025-09-03,2,22,93
2025-09-03,2,23,92
2025-09-04,3,0,87
2025-09-04,3,1,86
2025-09-04,3,2,82
2025-09-04,3,3,78
2025-09-04,3,4,80
2025-09-04,3,5,93
2025-09-04,3,6,95
2025-09-04,3,7,96
2025-09-04,3,8,95
2025-09-04,3,9,90
2025-09-04,3,10,86
2025-09-04,3,11,87
2025-09-04,3,12,93
2025-09-04,3,13,96
2025-09-04,3,14,94
2025-09-04,3,15,93
2025-09-04,3,16,94
2025-09-04,3,17,98
2025-09-04,3,18,99
2025-09-04,3,19,96
2025-09-04,3,20,97
2025-09-04,3,21,95
2025-09-04,3,22,96
2025-09-04,3,23,97
2025-09-05,4,0,94
2025-09-05,4,1,92
2025-09-05,4,2,91
2025-09-05,4,3,93
2025-09-05,4,4,95
2025-09-05,4,5,95
2025-09-05,4,6,98
2025-09-05,4,7,97
2025-09-05,4,8,92
2025-09-05,4,9,91
2025-09-05,4,10,84
2025-09-05,4,11,89
2025-09-05,4,12,90
2025-09-05,4,13,87
2025-09-05,4,14,96
2025-09-05,4,15,95
2025-09-05,4,16,95
2025-09-05,4,17,98
2025-09-05,4,18,97
2025-09-05,4,19,97
2025-09-05,4,20,98
2025-09-05,4,21,100
2025-09-05,4,22,104
2025-09-05,4,23,105
2025-09-06,5,0,103
2025-09-06,5,1,102
2025-09-06,5,2,101
2025-09-06,5,3,101
2025-09-06,5,4,102
2025-09-06,5,5,102
2025-09-06,5,6,100
2025-09-06,5,7,93
2025-09-06,5,8,90
2025-09-06,5,9,89
2025-09-06,5,10,95
2025-09-06,5,11,95
2025-09-06,5,12,94
2025-09-06,5,13,97
2025-09-06,5,14,92
2025-09-06,5,15,93
2025-09-06,5,16,97
2025-09-06,5,17,97
2025-09-06,5,18,53
2025-09-06,5,19,67
2025-09-06,5,20,77
2025-09-06,5,21,84
2025-09-06,5,22,90
2025-09-06,5,23,93
2025-09-07,6,0,91
2025-09-07,6,1,95
2025-09-07,6,2,95
2025-09-07,6,3,98
2025-09-07,6,4,99
2025-09-07,6,5,107
2025-09-07,6,6,109
2025-09-07,6,7,104
2025-09-07,6,8,102
2025-09-07,6,9,98
2025-09-07,6,10,100
2025-09-07,6,11,100
2025-09-07,6,12,102
2025-09-07,6,13,101
2025-09-07,6,14,98
2025-09-07,6,15,95
2025-09-07,6,16,94
2025-09-07,6,17,92
2025-09-07,6,18,95
2025-09-07,6,19,94
2025-09-07,6,20,95
2025-09-07,6,21,102
2025-09-07,6,22,104
2025-09-07,6,23,106
2025-09-08,0,0,104
2025-09-08,0,1,100
2025-09-08,0,2,99
2025-09-08,0,3,102
2025-09-08,0,4,105
2025-09-08,0,5,99
2025-09-08,0,6,98
2025-09-08,0,7,99
2025-09-08,0,8,96
2025-09-08,0,9,96
2025-09-08,0,10,95
2025-09-08,0,11,95
2025-09-08,0,12,98
2025-09-08,0,13,98
2025-09-08,0,14,98
2025-09-08,0,15,99
2025-09-08,0,16,97
2025-09-08,0,17,101
2025-09-08,0,18,100
2025-09-08,0,19,100
2025-09-08,0,20,101
2025-09-08,0,21,102
2025-09-08,0,22,104
2025-09-08,0,23,102
2025-09-09,1,0,99
2025-09-09,1,1,96
2025-09-09,1,2,83
2025-09-09,1,3,95
2025-09-09,1,4,99
2025-09-09,1,5,98
2025-09-09,1,6,92
2025-09-09,1,7,94
2025-09-09,1,8,95
2025-09-09,1,9,93
2025-09-09,1,10,96
2025-09-09,1,11,96
2025-09-09,1,12,96
2025-09-09,1,13,96
2025-09-09,1,14,96
2025-09-09,1,15,98
2025-09-09,1,16,98
2025-09-09,1,17,101
2025-09-09,1,18,102
2025-09-09,1,19,101
2025-09-09,1,20,100
2025-09-09,1,21,103
2025-09-09,1,22,104
2025-09-09,1,23,102
2025-09-10,2,0,99
2025-09-10,2,1,97
2025-09-10,2,2,94
2025-09-10,2,3,94
2025-09-10,2,4,99
2025-09-10,2,5,101
2025-09-10,2,6,100
2025-09-10,2,7,99
2025-09-10,2,8,99
2025-09-10,2,9,96
2025-09-10,2,10,96
2025-09-10,2,11,92
2025-09-10,2,12,101
2025-09-10,2,13,106
2025-09-10,2,14,106
2025-09-10,2,15,102
2025-09-10,2,16,101
2025-09-10,2,17,106
2025-09-10,2,18,107
2025-09-10,2,19,102
2025-09-10,2,20,101
2025-09-10,2,21,102
2025-09-10,2,22,103
2025-09-10,2,23,103
2025-09-11,3,0,100
2025-09-11,3,1,97
2025-09-11,3,2,95
2025-09-11,3,3,97
2025-09-11,3,4,98
2025-09-11,3,5,101
2025-09-11,3,6,102
2025-09-11,3,7,101
2025-09-11,3,8,98
2025-09-11,3,9,96
2025-09-11,3,10,96
2025-09-11,3,11,97
2025-09-11,3,12,97
2025-09-11,3,13,101
2025-09-11,3,14,101
2025-09-11,3,15,101
2025-09-11,3,16,102
2025-09-11,3,17,107
2025-09-11,3,18,106
2025-09-11,3,19,101
2025-09-11,3,20,102
2025-09-11,3,21,103
2025-09-11,3,22,104
2025-09-11,3,23,104
2025-09-12,4,0,100
2025-09-12,4,1,96
2025-09-12,4,2,96
2025-09-12,4,3,97
2025-09-12,4,4,98
2025-09-12,4,5,100
2025-09-12,4,6,100
2025-09-12,4,7,98
2025-09-12,4,8,96
2025-09-12,4,9,94
2025-09-12,4,10,95
2025-09-12,4,11,94
2025-09-12,4,12,92
2025-09-12,4,13,85
2025-09-12,4,14,87
2025-09-12,4,15,86
2025-09-12,4,16,85
2025-09-12,4,17,88
2025-09-12,4,18,78
2025-09-12,4,19,71
2025-09-12,4,20,72
2025-09-12,4,21,72
2025-09-12,4,22,77
2025-09-12,4,23,76
2025-09-13,5,0,74
2025-09-13,5,1,73
2025-09-13,5,2,69
2025-09-13,5,3,74
2025-09-13,5,4,72
2025-09-13,5,5,79
2025-09-13,5,6,90
2025-09-13,5,7,79
2025-09-13,5,8,59
2025-09-13,5,9,79
2025-09-13,5,10,91
2025-09-13,5,11,93
2025-09-13,5,12,90
2025-09-13,5,13,90
2025-09-13,5,14,93
2025-09-13,5,15,98
2025-09-13,5,16,97
2025-09-13,5,17,100
2025-09-13,5,18,99
2025-09-13,5,19,97
2025-09-13,5,20,101
2025-09-13,5,21,106
2025-09-13,5,22,107
2025-09-13,5,23,108
2025-09-14,6,0,108
2025-09-14,6,1,106
2025-09-14,6,2,104
2025-09-14,6,3,103
2025-09-14,6,4,96
2025-09-14,6,5,97
2025-09-14,6,6,107
2025-09-14,6,7,105
2025-09-14,6,8,105
2025-09-14,6,9,104
2025-09-14,6,10,104
2025-09-14,6,11,106
2025-09-14,6,12,115
2025-09-14,6,13,116
2025-09-14,6,14,115
2025-09-14,6,15,112
2025-09-14,6,16,111
2025-09-14,6,17,110
2025-09-14,6,18,104
2025-09-14,6,19,96
2025-09-14,6,20,87
2025-09-14,6,21,103
2025-09-14,6,22,104
2025-09-14,6,23,106
2025-09-15,0,0,106
2025-09-15,0,1,101
2025-09-15,0,2,100
2025-09-15,0,3,100
2025-09-15,0,4,104
2025-09-15,0,5,96
2025-09-15,0,6,96
2025-09-15,0,7,98
2025-09-15,0,8,99
2025-09-15,0,9,99
2025-09-15,0,10,103
2025-09-15,0,11,110
2025-09-15,0,12,106
2025-09-15,0,13,107
2025-09-15,0,14,104
2025-09-15,0,15,107
2025-09-15,0,16,107
2025-09-15,0,17,108
2025-09-15,0,18,106
2025-09-15,0,19,101
2025-09-15,0,20,101
2025-09-15,0,21,102
2025-09-15,0,22,103
2025-09-15,0,23,102
2025-09-16,1,0,98
2025-09-16,1,1,96
2025-09-16,1,2,95
2025-09-16,1,3,94
2025-09-16,1,4,99
2025-09-16,1,5,99
2025-09-16,1,6,99
2025-09-16,1,7,98
2025-09-16,1,8,95
2025-09-16,1,9,92
2025-09-16,1,10,104
2025-09-16,1,11,105
2025-09-16,1,12,107
2025-09-16,1,13,105
2025-09-16,1,14,90
2025-09-16,1,15,73
2025-09-16,1,16,83
2025-09-16,1,17,96
2025-09-16,1,18,100
2025-09-16,1,19,99
2025-09-16,1,20,93
2025-09-16,1,21,80
2025-09-16,1,22,83
2025-09-16,1,23,88
2025-09-17,2,0,84
2025-09-17,2,1,84
2025-09-17,2,2,84
2025-09-17,2,3,79
2025-09-17,2,4,81
2025-09-17,2,5,82
2025-09-17,2,6,86
2025-09-17,2,7,94
2025-09-17,2,8,95
2025-09-17,2,9,94
2025-09-17,2,10,89
2025-09-17,2,11,82
2025-09-17,2,12,93
2025-09-17,2,13,93
2025-09-17,2,14,95
2025-09-17,2,15,92
2025-09-17,2,16,93
2025-09-17,2,17,98
2025-09-17,2,18,98
2025-09-17,2,19,99
2025-09-17,2,20,99
2025-09-17,2,21,101
2025-09-17,2,22,99
2025-09-17,2,23,98
2025-09-18,3,0,96
2025-09-18,3,1,96
2025-09-18,3,2,92
2025-09-18,3,3,94
2025-09-18,3,4,98
2025-09-18,3,5,100
2025-09-18,3,6,97
2025-09-18,3,7,98
2025-09-18,3,8,96
2025-09-18,3,9,93
2025-09-18,3,10,91
2025-09-18,3,11,93
2025-09-18,3,12,96
2025-09-18,3,13,97
2025-09-18,3,14,99
2025-09-18,3,15,98
2025-09-18,3,16,91
2025-09-18,3,17,102
2025-09-18,3,18,102
2025-09-18,3,19,99
2025-09-18,3,20,100
2025-09-18,3,21,101
2025-09-18,3,22,102
2025-09-18,3,23,102
2025-09-19,4,0,100
2025-09-19,4,1,96
2025-09-19,4,2,96
2025-09-19,4,3,97
2025-09-19,4,4,98
2025-09-19,4,5,100
2025-09-19,4,6,100
2025-09-19,4,7,98
2025-09-19,4,8,96
2025-09-19,4,9,93
2025-09-19,4,10,91
2025-09-19,4,11,91
2025-09-19,4,12,93
2025-09-19,4,13,89
2025-09-19,4,14,87
2025-09-19,4,15,87
2025-09-19,4,16,87
2025-09-19,4,17,89
2025-09-19,4,18,75
2025-09-19,4,19,69
2025-09-19,4,20,73
2025-09-19,4,21,75
2025-09-19,4,22,72
2025-09-19,4,23,77
2025-09-20,5,0,79
2025-09-20,5,1,72
2025-09-20,5,2,68
2025-09-20,5,3,67
2025-09-20,5,4,69
2025-09-20,5,5,72
2025-09-20,5,6,69
2025-09-20,5,7,72
2025-09-20,5,8,43
2025-09-20,5,9,39
2025-09-20,5,10,76
2025-09-20,5,11,94
2025-09-20,5,12,88
2025-09-20,5,13,85
2025-09-20,5,14,93
2025-09-20,5,15,97
2025-09-20,5,16,101
2025-09-20,5,17,104
2025-09-20,5,18,101
2025-09-20,5,19,97
2025-09-20,5,20,99
2025-09-20,5,21,103
2025-09-20,5,22,105
2025-09-20,5,23,106
2025-09-21,6,0,106
2025-09-21,6,1,104
2025-09-21,6,2,103
2025-09-21,6,3,102
2025-09-21,6,4,105
2025-09-21,6,5,104
2025-09-21,6,6,104
2025-09-21,6,7,99
2025-09-21,6,8,100
2025-09-21,6,9,100
2025-09-21,6,10,100
2025-09-21,6,11,103
2025-09-21,6,12,107
2025-09-21,6,13,110
2025-09-21,6,14,109
2025-09-21,6,15,104
2025-09-21,6,16,104
2025-09-21,6,17,111
2025-09-21,6,18,100
2025-09-21,6,19,93
2025-09-21,6,20,87
2025-09-21,6,21,101
2025-09-21,6,22,103
2025-09-21,6,23,105
2025-09-22,0,0,103
2025-09-22,0,1,100
2025-09-22,0,2,99
2025-09-22,0,3,101
2025-09-22,0,4,104
2025-09-22,0,5,98
2025-09-22,0,6,98
2025-09-22,0,7,98
2025-09-22,0,8,98
2025-09-22,0,9,95
2025-09-22,0,10,92
2025-09-22,0,11,97
2025-09-22,0,12,96
2025-09-22,0,13,95
2025-09-22,0,14,92
2025-09-22,0,15,50
2025-09-22,0,16,68
2025-09-22,0,17,103
2025-09-22,0,18,99
2025-09-22,0,19,98
2025-09-22,0,20,99
2025-09-22,0,21,101
2025-09-22,0,22,102
2025-09-22,0,23,101
2025-09-23,1,0,98
2025-09-23,1,1,96
2025-09-23,1,2,95
2025-09-23,1,3,95
2025-09-23,1,4,98
2025-09-23,1,5,100
2025-09-23,1,6,97
2025-09-23,1,7,99
2025-09-23,1,8,96
2025-09-23,1,9,93
2025-09-23,1,10,91
2025-09-23,1,11,87
2025-09-23,1,12,95
2025-09-23,1,13,102
2025-09-23,1,14,102
2025-09-23,1,15,106
2025-09-23,1,16,105
2025-09-23,1,17,103
2025-09-23,1,18,100
2025-09-23,1,19,99
2025-09-23,1,20,100
2025-09-23,1,21,101
2025-09-23,1,22,102
2025-09-23,1,23,101
2025-09-24,2,0,99
2025-09-24,2,1,96
2025-09-24,2,2,94
2025-09-24,2,3,94
2025-09-24,2,4,97
2025-09-24,2,5,99
2025-09-24,2,6,100
2025-09-24,2,7,99
2025-09-24,2,8,96
2025-09-24,2,9,95
2025-09-24,2,10,94
2025-09-24,2,11,96
2025-09-24,2,12,98
2025-09-24,2,13,99
2025-09-24,2,14,96
2025-09-24,2,15,83
2025-09-24,2,16,92
2025-09-24,2,17,89
2025-09-24,2,18,79
2025-09-24,2,19,78
2025-09-24,2,20,78
2025-09-24,2,21,80
2025-09-24,2,22,81
2025-09-24,2,23,83
2025-09-25,3,0,81
2025-09-25,3,1,76
2025-09-25,3,2,72
2025-09-25,3,3,71
2025-09-25,3,4,77
2025-09-25,3,5,81
2025-09-25,3,6,88
2025-09-25,3,7,96
2025-09-25,3,8,94
2025-09-25,3,9,92
2025-09-25,3,10,90
2025-09-25,3,11,91
2025-09-25,3,12,94
2025-09-25,3,13,97
2025-09-25,3,14,97
2025-09-25,3,15,91
2025-09-25,3,16,93
2025-09-25,3,17,101
2025-09-25,3,18,100
2025-09-25,3,19,99
2025-09-25,3,20,99
2025-09-25,3,21,101
2025-09-25,3,22,102
2025-09-25,3,23,100
2025-09-26,4,0,98
2025-09-26,4,1,95
2025-09-26,4,2,93
2025-09-26,4,3,92
2025-09-26,4,4,95
2025-09-26,4,5,98
2025-09-26,4,6,94
2025-09-26,4,7,92
2025-09-26,4,8,94
2025-09-26,4,9,87
2025-09-26,4,10,90
2025-09-26,4,11,98
2025-09-26,4,12,98
2025-09-26,4,13,99
2025-09-26,4,14,102
2025-09-26,4,15,103
2025-09-26,4,16,103
2025-09-26,4,17,104
2025-09-26,4,18,97
2025-09-26,4,19,95
2025-09-26,4,20,97
2025-09-26,4,21,98
2025-09-26,4,22,101
2025-09-26,4,23,102
2025-09-27,5,0,101
2025-09-27,5,1,99
2025-09-27,5,2,99
2025-09-27,5,3,100
2025-09-27,5,4,101
2025-09-27,5,5,94
2025-09-27,5,6,63
2025-09-27,5,7,52
2025-09-27,5,8,55
2025-09-27,5,9,75
2025-09-27,5,10,97
2025-09-27,5,11,97
2025-09-27,5,12,95
2025-09-27,5,13,102
2025-09-27,5,14,111
2025-09-27,5,15,108
2025-09-27,5,16,108
2025-09-27,5,17,106
2025-09-27,5,18,100
2025-09-27,5,19,96
2025-09-27,5,20,99
2025-09-27,5,21,103
2025-09-27,5,22,105
2025-09-27,5,23,106
2025-09-28,6,0,104
2025-09-28,6,1,84
2025-09-28,6,2,71
2025-09-28,6,3,75
2025-09-28,6,4,82
2025-09-28,6,5,86
2025-09-28,6,6,87
2025-09-28,6,7,81
2025-09-28,6,8,81
2025-09-28,6,9,83
2025-09-28,6,10,73
2025-09-28,6,11,80
2025-09-28,6,12,89
2025-09-28,6,13,97
2025-09-28,6,14,91
2025-09-28,6,15,93
2025-09-28,6,16,94
2025-09-28,6,17,92
2025-09-28,6,18,93
2025-09-28,6,19,91
2025-09-28,6,20,94
2025-09-28,6,21,101
2025-09-28,6,22,104
2025-09-28,6,23,105
2025-09-29,0,0,103
2025-09-29,0,1,99
2025-09-29,0,2,99
2025-09-29,0,3,100
2025-09-29,0,4,103
2025-09-29,0,5,98
2025-09-29,0,6,91
2025-09-29,0,7,100
2025-09-29,0,8,98
2025-09-29,0,9,95
2025-09-29,0,10,93
2025-09-29,0,11,92
2025-09-29,0,12,97
2025-09-29,0,13,93
2025-09-29,0,14,94
2025-09-29,0,15,74
2025-09-29,0,16,60
2025-09-29,0,17,103
2025-09-29,0,18,100
2025-09-29,0,19,99
2025-09-29,0,20,100
2025-09-29,0,21,100
2025-09-29,0,22,100
2025-09-29,0,23,100
2025-09-30,1,0,98
2025-09-30,1,1,96
2025-09-30,1,2,93
2025-09-30,1,3,93
2025-09-30,1,4,98
2025-09-30,1,5,99
2025-09-30,1,6,96
2025-09-30,1,7,98
2025-09-30,1,8,96
2025-09-30,1,9,95
2025-09-30,1,10,94
2025-09-30,1,11,93
2025-09-30,1,12,95
2025-09-30,1,13,97
2025-09-30,1,14,99
2025-09-30,1,15,99
2025-09-30,1,16,99
2025-09-30,1,17,100
2025-09-30,1,18,98
2025-09-30,1,19,98
2025-09-30,1,20,99
2025-09-30,1,21,101
2025-09-30,1,22,102
2025-09-30,1,23,101
2025-10-01,2,0,100
2025-10-01,2,1,97
2025-10-01,2,2,96
2025-10-01,2,3,96
2025-10-01,2,4,98
2025-10-01,2,5,99
2025-10-01,2,6,97
2025-10-01,2,7,98
2025-10-01,2,8,99
2025-10-01,2,9,93
2025-10-01,2,10,90
2025-10-01,2,11,96
2025-10-01,2,12,97
2025-10-01,2,13,100
2025-10-01,2,14,101
2025-10-01,2,15,102
2025-10-01,2,16,103
2025-10-01,2,17,101
2025-10-01,2,18,97
2025-10-01,2,19,98
2025-10-01,2,20,99
2025-10-01,2,21,101
2025-10-01,2,22,102
2025-10-01,2,23,102
2025-10-02,3,0,100
2025-10-02,3,1,97
2025-10-02,3,2,97
2025-10-02,3,3,95
2025-10-02,3,4,99
2025-10-02,3,5,99
2025-10-02,3,6,97
2025-10-02,3,7,97
2025-10-02,3,8,98
2025-10-02,3,9,96
2025-10-02,3,10,95
2025-10-02,3,11,93
2025-10-02,3,12,97
2025-10-02,3,13,93
2025-10-02,3,14,95
2025-10-02,3,15,100
2025-10-02,3,16,97
2025-10-02,3,17,95
2025-10-02,3,18,93
2025-10-02,3,19,91
2025-10-02,3,20,92
2025-10-02,3,21,94
2025-10-02,3,22,93
2025-10-02,3,23,93
2025-10-03,4,0,101
2025-10-03,4,1,95
2025-10-03,4,2,101
2025-10-03,4,3,101
2025-10-03,4,4,87
2025-10-03,4,5,74
2025-10-03,4,6,59
2025-10-03,4,7,56
2025-10-03,4,8,87
2025-10-03,4,9,71
2025-10-03,4,10,40
2025-10-03,4,11,36
2025-10-03,4,12,36
2025-10-03,4,13,30
2025-10-03,4,14,29
2025-10-03,4,15,54
2025-10-03,4,16,96
2025-10-03,4,17,100
2025-10-03,4,18,98
2025-10-03,4,19,97
2025-10-03,4,20,93
2025-10-03,4,21,99
2025-10-03,4,22,99
2025-10-03,4,23,102
2025-10-04,5,0,101
2025-10-04,5,1,104
2025-10-04,5,2,104
2025-10-04,5,3,104
2025-10-04,5,4,100
2025-10-04,5,5,86
2025-10-04,5,6,62
2025-10-04,5,7,69
2025-10-04,5,8,98
2025-10-04,5,9,89
2025-10-04,5,10,79
2025-10-04,5,11,89
2025-10-04,5,12,60
2025-10-04,5,13,44
2025-10-04,5,14,60
2025-10-04,5,15,47
2025-10-04,5,16,45
2025-10-04,5,17,58
2025-10-04,5,18,91
2025-10-04,5,19,95
2025-10-04,5,20,88
2025-10-04,5,21,90
2025-10-04,5,22,96
2025-10-04,5,23,99
2025-10-05,6,0,102
2025-10-05,6,1,104
2025-10-05,6,2,106
2025-10-05,6,3,105
2025-10-05,6,4,95
2025-10-05,6,5,63
2025-10-05,6,6,67
2025-10-05,6,7,94
2025-10-05,6,8,93
2025-10-05,6,9,64
2025-10-05,6,10,53
2025-10-05,6,11,61
2025-10-05,6,12,30
2025-10-05,6,13,25
2025-10-05,6,14,26
2025-10-05,6,15,27
2025-10-05,6,16,31
2025-10-05,6,17,22
2025-10-05,6,18,35
2025-10-05,6,19,84
2025-10-05,6,20,94
2025-10-05,6,21,93
2025-10-05,6,22,95
2025-10-05,6,23,101
2025-10-06,0,0,103
2025-10-06,0,1,104
2025-10-06,0,2,107
2025-10-06,0,3,104
2025-10-06,0,4,101
2025-10-06,0,5,77
2025-10-06,0,6,72
2025-10-06,0,7,87
2025-10-06,0,8,94
2025-10-06,0,9,87
2025-10-06,0,10,41
2025-10-06,0,11,36
2025-10-06,0,12,34
2025-10-06,0,13,51
2025-10-06,0,14,80
2025-10-06,0,15,77
2025-10-06,0,16,55
2025-10-06,0,17,42
2025-10-06,0,18,64
2025-10-06,0,19,64
2025-10-06,0,20,64
2025-10-06,0,21,75
2025-10-06,0,22,80
2025-10-06,0,23,81
2025-10-07,1,0,68
2025-10-07,1,1,72
2025-10-07,1,2,62
2025-10-07,1,3,63
2025-10-07,1,4,73
2025-10-07,1,5,83
2025-10-07,1,6,83
2025-10-07,1,7,76
2025-10-07,1,8,83
2025-10-07,1,9,96
2025-10-07,1,10,94
2025-10-07,1,11,90
2025-10-07,1,12,92
2025-10-07,1,13,85
2025-10-07,1,14,69
2025-10-07,1,15,45
2025-10-07,1,16,102
2025-10-07,1,17,99
2025-10-07,1,18,97
2025-10-07,1,19,93
2025-10-07,1,20,91
2025-10-07,1,21,93
2025-10-07,1,22,99
2025-10-07,1,23,101
2025-10-08,2,0,96
2025-10-08,2,1,93
2025-10-08,2,2,79
2025-10-08,2,3,75
2025-10-08,2,4,85
2025-10-08,2,5,90
2025-10-08,2,6,101
2025-10-08,2,7,99
2025-10-08,2,8,93
2025-10-08,2,9,89
2025-10-08,2,10,96
2025-10-08,2,11,97
2025-10-08,2,12,96
2025-10-08,2,13,95
2025-10-08,2,14,102
2025-10-08,2,15,106
2025-10-08,2,16,104
2025-10-08,2,17,109
2025-10-08,2,18,99
2025-10-08,2,19,98
2025-10-08,2,20,99
2025-10-08,2,21,101
2025-10-08,2,22,102
2025-10-08,2,23,103
2025-10-09,3,0,102
2025-10-09,3,1,102
2025-10-09,3,2,102
2025-10-09,3,3,99
2025-10-09,3,4,103
2025-10-09,3,5,104
2025-10-09,3,6,105
2025-10-09,3,7,100
2025-10-09,3,8,100
2025-10-09,3,9,97
2025-10-09,3,10,93
2025-10-09,3,11,91
2025-10-09,3,12,95
2025-10-09,3,13,99
2025-10-09,3,14,96
2025-10-09,3,15,91
2025-10-09,3,16,93
2025-10-09,3,17,97
2025-10-09,3,18,97
2025-10-09,3,19,98
2025-10-09,3,20,98
2025-10-09,3,21,100
2025-10-09,3,22,102
2025-10-09,3,23,102
2025-10-10,4,0,102
2025-10-10,4,1,99
2025-10-10,4,2,97
2025-10-10,4,3,99
2025-10-10,4,4,103
2025-10-10,4,5,103
2025-10-10,4,6,100
2025-10-10,4,7,99
2025-10-10,4,8,98
2025-10-10,4,9,96
2025-10-10,4,10,96
2025-10-10,4,11,94
2025-10-10,4,12,99
2025-10-10,4,13,97
2025-10-10,4,14,99
2025-10-10,4,15,95
2025-10-10,4,16,98
2025-10-10,4,17,97
2025-10-10,4,18,82
2025-10-10,4,19,78
2025-10-10,4,20,81
2025-10-10,4,21,83
2025-10-10,4,22,89
2025-10-10,4,23,93
2025-10-11,5,0,89
2025-10-11,5,1,86
2025-10-11,5,2,81
2025-10-11,5,3,82
2025-10-11,5,4,88
2025-10-11,5,5,99
2025-10-11,5,6,101
2025-10-11,5,7,100
2025-10-11,5,8,99
2025-10-11,5,9,95
2025-10-11,5,10,94
2025-10-11,5,11,98
2025-10-11,5,12,104
2025-10-11,5,13,105
2025-10-11,5,14,105
2025-10-11,5,15,104
2025-10-11,5,16,102
2025-10-11,5,17,101
2025-10-11,5,18,98
2025-10-11,5,19,99
2025-10-11,5,20,100
2025-10-11,5,21,104
2025-10-11,5,22,101
2025-10-11,5,23,82
2025-10-12,6,0,81
2025-10-12,6,1,83
2025-10-12,6,2,84
2025-10-12,6,3,88
2025-10-12,6,4,90
2025-10-12,6,5,90
2025-10-12,6,6,101
2025-10-12,6,7,104
2025-10-12,6,8,103
2025-10-12,6,9,103
2025-10-12,6,10,101
2025-10-12,6,11,102
2025-10-12,6,12,102
2025-10-12,6,13,101
2025-10-12,6,14,98
2025-10-12,6,15,92
2025-10-12,6,16,92
2025-10-12,6,17,96
2025-10-12,6,18,92
2025-10-12,6,19,95
2025-10-12,6,20,95
2025-10-12,6,21,102
2025-10-12,6,22,104
2025-10-12,6,23,106
2025-10-13,0,0,105
2025-10-13,0,1,101
2025-10-13,0,2,94
2025-10-13,0,3,98
2025-10-13,0,4,85
2025-10-13,0,5,72
2025-10-13,0,6,75
2025-10-13,0,7,83
2025-10-13,0,8,77
2025-10-13,0,9,76
2025-10-13,0,10,77
2025-10-13,0,11,81
2025-10-13,0,12,81
2025-10-13,0,13,88
2025-10-13,0,14,88
2025-10-13,0,15,86
2025-10-13,0,16,89
2025-10-13,0,17,80
2025-10-13,0,18,80
2025-10-13,0,19,85
2025-10-13,0,20,84
2025-10-13,0,21,85
2025-10-13,0,22,90
2025-10-13,0,23,85
2025-10-14,1,0,81
2025-10-14,1,1,81
2025-10-14,1,2,77
2025-10-14,1,3,76
2025-10-14,1,4,83
2025-10-14,1,5,88
2025-10-14,1,6,92
2025-10-14,1,7,95
2025-10-14,1,8,89
2025-10-14,1,9,92
2025-10-14,1,10,91
2025-10-14,1,11,84
2025-10-14,1,12,33
2025-10-14,1,13,19
2025-10-14,1,14,21
2025-10-14,1,15,79
2025-10-14,1,16,97
2025-10-14,1,17,97
2025-10-14,1,18,96
2025-10-14,1,19,100
2025-10-14,1,20,99
2025-10-14,1,21,102
2025-10-14,1,22,101
2025-10-14,1,23,102
2025-10-15,2,0,99
2025-10-15,2,1,97
2025-10-15,2,2,97
2025-10-15,2,3,96
2025-10-15,2,4,98
2025-10-15,2,5,100
2025-10-15,2,6,98
2025-10-15,2,7,97
2025-10-15,2,8,97
2025-10-15,2,9,91
2025-10-15,2,10,89
2025-10-15,2,11,94
2025-10-15,2,12,96
2025-10-15,2,13,98
2025-10-15,2,14,99
2025-10-15,2,15,99
2025-10-15,2,16,95
2025-10-15,2,17,83
2025-10-15,2,18,84
2025-10-15,2,19,75
2025-10-15,2,20,74
2025-10-15,2,21,77
2025-10-15,2,22,80
2025-10-15,2,23,73
2025-10-16,3,0,70
2025-10-16,3,1,70
2025-10-16,3,2,67
2025-10-16,3,3,65
2025-10-16,3,4,73
2025-10-16,3,5,84
2025-10-16,3,6,91
2025-10-16,3,7,97
2025-10-16,3,8,94
2025-10-16,3,9,93
2025-10-16,3,10,92
2025-10-16,3,11,92
2025-10-16,3,12,94
2025-10-16,3,13,96
2025-10-16,3,14,98
2025-10-16,3,15,98
2025-10-16,3,16,99
2025-10-16,3,17,99
2025-10-16,3,18,96
2025-10-16,3,19,99
2025-10-16,3,20,100
2025-10-16,3,21,100
2025-10-16,3,22,101
2025-10-16,3,23,102
2025-10-17,4,0,98
2025-10-17,4,1,96
2025-10-17,4,2,95
2025-10-17,4,3,96
2025-10-17,4,4,98
2025-10-17,4,5,100
2025-10-17,4,6,98
2025-10-17,4,7,99
2025-10-17,4,8,96
2025-10-17,4,9,87
2025-10-17,4,10,85
2025-10-17,4,11,89
2025-10-17,4,12,89
2025-10-17,4,13,91
2025-10-17,4,14,86
2025-10-17,4,15,94
2025-10-17,4,16,95
2025-10-17,4,17,93
2025-10-17,4,18,90
2025-10-17,4,19,88
2025-10-17,4,20,85
2025-10-17,4,21,75
2025-10-17,4,22,74
2025-10-17,4,23,75
2025-10-18,5,0,75
2025-10-18,5,1,72
2025-10-18,5,2,75
2025-10-18,5,3,72
2025-10-18,5,4,72
2025-10-18,5,5,75
2025-10-18,5,6,76
2025-10-18,5,7,80
2025-10-18,5,8,83
2025-10-18,5,9,90
2025-10-18,5,10,94
2025-10-18,5,11,95
2025-10-18,5,12,93
2025-10-18,5,13,95
2025-10-18,5,14,93
2025-10-18,5,15,92
2025-10-18,5,16,97
2025-10-18,5,17,97
2025-10-18,5,18,96
2025-10-18,5,19,99
2025-10-18,5,20,98
2025-10-18,5,21,104
2025-10-18,5,22,106
2025-10-18,5,23,107
2025-10-19,6,0,107
2025-10-19,6,1,105
2025-10-19,6,2,103
2025-10-19,6,3,104
2025-10-19,6,4,105
2025-10-19,6,5,106
2025-10-19,6,6,107
2025-10-19,6,7,103
2025-10-19,6,8,102
2025-10-19,6,9,97
2025-10-19,6,10,97
2025-10-19,6,11,93
2025-10-19,6,12,101
2025-10-19,6,13,101
2025-10-19,6,14,100
2025-10-19,6,15,97
2025-10-19,6,16,96
2025-10-19,6,17,95
2025-10-19,6,18,90
2025-10-19,6,19,92
2025-10-19,6,20,92
2025-10-19,6,21,102
2025-10-19,6,22,104
2025-10-19,6,23,105
2025-10-20,0,0,104
2025-10-20,0,1,100
2025-10-20,0,2,100
2025-10-20,0,3,101
2025-10-20,0,4,105
2025-10-20,0,5,99
2025-10-20,0,6,88
2025-10-20,0,7,99
2025-10-20,0,8,94
2025-10-20,0,9,92
2025-10-20,0,10,90
2025-10-20,0,11,95
2025-10-20,0,12,99
2025-10-20,0,13,97
2025-10-20,0,14,97
2025-10-20,0,15,97
2025-10-20,0,16,97
2025-10-20,0,17,99
2025-10-20,0,18,98
2025-10-20,0,19,100
2025-10-20,0,20,101
2025-10-20,0,21,102
2025-10-20,0,22,104
2025-10-20,0,23,102
2025-10-21,1,0,100
2025-10-21,1,1,97
2025-10-21,1,2,95
2025-10-21,1,3,97
2025-10-21,1,4,99
2025-10-21,1,5,101
2025-10-21,1,6,97
2025-10-21,1,7,97
2025-10-21,1,8,94
2025-10-21,1,9,92
2025-10-21,1,10,90
2025-10-21,1,11,94
2025-10-21,1,12,95
2025-10-21,1,13,96
2025-10-21,1,14,94
2025-10-21,1,15,97
2025-10-21,1,16,96
2025-10-21,1,17,97
2025-10-21,1,18,97
2025-10-21,1,19,100
2025-10-21,1,20,99
2025-10-21,1,21,99
2025-10-21,1,22,100
2025-10-21,1,23,101
2025-10-22,2,0,100
2025-10-22,2,1,97
2025-10-22,2,2,95
2025-10-22,2,3,96
2025-10-22,2,4,98
2025-10-22,2,5,100
2025-10-22,2,6,97
2025-10-22,2,7,97
2025-10-22,2,8,91
2025-10-22,2,9,89
2025-10-22,2,10,87
2025-10-22,2,11,88
2025-10-22,2,12,87
2025-10-22,2,13,93
2025-10-22,2,14,95
2025-10-22,2,15,95
2025-10-22,2,16,97
2025-10-22,2,17,98
2025-10-22,2,18,97
2025-10-22,2,19,100
2025-10-22,2,20,100
2025-10-22,2,21,102
2025-10-22,2,22,102
2025-10-22,2,23,103
2025-10-23,3,0,99
2025-10-23,3,1,97
2025-10-23,3,2,97
2025-10-23,3,3,95
2025-10-23,3,4,99
2025-10-23,3,5,100
2025-10-23,3,6,97
2025-10-23,3,7,100
2025-10-23,3,8,93
2025-10-23,3,9,68
2025-10-23,3,10,89
2025-10-23,3,11,92
2025-10-23,3,12,95
2025-10-23,3,13,84
2025-10-23,3,14,94
2025-10-23,3,15,98
2025-10-23,3,16,96
2025-10-23,3,17,97
2025-10-23,3,18,97
2025-10-23,3,19,99
2025-10-23,3,20,100
2025-10-23,3,21,102
2025-10-23,3,22,102
2025-10-23,3,23,102
2025-10-24,4,0,100
2025-10-24,4,1,98
2025-10-24,4,2,96
2025-10-24,4,3,97
2025-10-24,4,4,100
2025-10-24,4,5,101
2025-10-24,4,6,97
2025-10-24,4,7,99
2025-10-24,4,8,96
2025-10-24,4,9,92
2025-10-24,4,10,89
2025-10-24,4,11,92
2025-10-24,4,12,91
2025-10-24,4,13,92
2025-10-24,4,14,91
2025-10-24,4,15,96
2025-10-24,4,16,95
2025-10-24,4,17,94
2025-10-24,4,18,95
2025-10-24,4,19,96
2025-10-24,4,20,97
2025-10-24,4,21,99
2025-10-24,4,22,102
2025-10-24,4,23,103
2025-10-25,5,0,103
2025-10-25,5,1,101
2025-10-25,5,2,100
2025-10-25,5,3,101
2025-10-25,5,4,102
2025-10-25,5,5,102
2025-10-25,5,6,93
2025-10-25,5,7,80
2025-10-25,5,8,94
2025-10-25,5,9,94
2025-10-25,5,10,95
2025-10-25,5,11,97
2025-10-25,5,12,88
2025-10-25,5,13,85
2025-10-25,5,14,65
2025-10-25,5,15,98
2025-10-25,5,16,100
2025-10-25,5,17,98
2025-10-25,5,18,96
2025-10-25,5,19,99
2025-10-25,5,20,98
2025-10-25,5,21,103
2025-10-25,5,22,105
2025-10-25,5,23,107
2025-10-26,6,0,107
2025-10-26,6,1,105
2025-10-26,6,2,103
2025-10-26,6,3,103
2025-10-26,6,4,106
2025-10-26,6,5,107
2025-10-26,6,6,107
2025-10-26,6,7,103
2025-10-26,6,8,101
2025-10-26,6,9,97
2025-10-26,6,10,97
2025-10-26,6,11,96
2025-10-26,6,12,97
2025-10-26,6,13,96
2025-10-26,6,14,91
2025-10-26,6,15,98
2025-10-26,6,16,97
2025-10-26,6,17,92
2025-10-26,6,18,94
2025-10-26,6,19,90
2025-10-26,6,20,90
2025-10-26,6,21,84
2025-10-26,6,22,90
2025-10-26,6,23,85
2025-10-27,0,0,91
2025-10-27,0,1,91
2025-10-27,0,2,89
2025-10-27,0,3,95
2025-10-27,0,4,103
2025-10-27,0,5,98
2025-10-27,0,6,94
2025-10-27,0,7,98
2025-10-27,0,8,97
2025-10-27,0,9,94
2025-10-27,0,10,92
2025-10-27,0,11,94
2025-10-27,0,12,95
2025-10-27,0,13,96
2025-10-27,0,14,95
2025-10-27,0,15,98
2025-10-27,0,16,97
2025-10-27,0,17,97
2025-10-27,0,18,96
2025-10-27,0,19,100
2025-10-27,0,20,99
2025-10-27,0,21,102
2025-10-27,0,22,104
2025-10-27,0,23,103
2025-10-28,1,0,99
2025-10-28,1,1,96
2025-10-28,1,2,96
2025-10-28,1,3,96
2025-10-28,1,4,98
2025-10-28,1,5,100
2025-10-28,1,6,95
2025-10-28,1,7,99
2025-10-28,1,8,98
2025-10-28,1,9,96
2025-10-28,1,10,88
2025-10-28,1,11,93
2025-10-28,1,12,89
2025-10-28,1,13,87
2025-10-28,1,14,98
2025-10-28,1,15,97
2025-10-28,1,16,93
2025-10-28,1,17,92
2025-10-28,1,18,97
2025-10-28,1,19,99
2025-10-28,1,20,101
2025-10-28,1,21,102
2025-10-28,1,22,103
2025-10-28,1,23,102
2025-10-29,2,0,99
2025-10-29,2,1,97
2025-10-29,2,2,95
2025-10-29,2,3,96
2025-10-29,2,4,99
2025-10-29,2,5,101
2025-10-29,2,6,98
2025-10-29,2,7,101
2025-10-29,2,8,97
2025-10-29,2,9,94
2025-10-29,2,10,94
2025-10-29,2,11,96
2025-10-29,2,12,96
2025-10-29,2,13,99
2025-10-29,2,14,99
2025-10-29,2,15,98
2025-10-29,2,16,97
2025-10-29,2,17,97
2025-10-29,2,18,97
2025-10-29,2,19,100
2025-10-29,2,20,100
2025-10-29,2,21,102
2025-10-29,2,22,103
2025-10-29,2,23,102
2025-10-30,3,0,99
2025-10-30,3,1,97
2025-10-30,3,2,96
2025-10-30,3,3,96
2025-10-30,3,4,98
2025-10-30,3,5,100
2025-10-30,3,6,97
2025-10-30,3,7,99
2025-10-30,3,8,99
2025-10-30,3,9,95
2025-10-30,3,10,94
2025-10-30,3,11,93
2025-10-30,3,12,91
2025-10-30,3,13,80
2025-10-30,3,14,99
2025-10-30,3,15,97
2025-10-30,3,16,97
2025-10-30,3,17,95
2025-10-30,3,18,97
2025-10-30,3,19,98
2025-10-30,3,20,100
2025-10-30,3,21,101
2025-10-30,3,22,103
2025-10-30,3,23,101
2025-10-31,4,0,100
2025-10-31,4,1,98
2025-10-31,4,2,96
2025-10-31,4,3,97
2025-10-31,4,4,98
2025-10-31,4,5,101
2025-10-31,4,6,98
2025-10-31,4,7,99
2025-10-31,4,8,99
2025-10-31,4,9,96
2025-10-31,4,10,90
2025-10-31,4,11,94
2025-10-31,4,12,92
2025-10-31,4,13,98
2025-10-31,4,14,98
2025-10-31,4,15,93
2025-10-31,4,16,93
2025-10-31,4,17,96
2025-10-31,4,18,96
2025-10-31,4,19,97
2025-10-31,4,20,97
2025-10-31,4,21,99
2025-10-31,4,22,102
2025-10-31,4,23,102
